{"type": "block", "layer": 11, "block": 0, "features": [{"geom": {"triangles": {"v": [-1283.0037411414087, -640.0253047129954, 0.0, -1321.0037411414087, -701.3534297129954, 0.0, -1272.0037411414087, -779.9315547129954, 0.0, -997.0037411414087, -768.8221797129954, 0.0, -1280.0037411414087, -565.8065547129954, 0.0, -928.0037411414087, -696.6346797129954, 0.0, -1227.0037411414087, -441.2440547129954, 0.0, -861.0037411414087, -621.4628047129954, 0.0, -836.0037411414087, -505.4315547129954, 0.0, -1204.0037411414087, -343.1659297129954, 0.0, -815.0037411414087, -407.0096797129954, 0.0, -837.0037411414087, -259.4315547129954, 0.0, -1185.0037411414087, -258.3846797129954, 0.0, -1198.0037411414087, -192.85342971299542, 0.0, -779.0037411414087, -123.74405471299542, 0.0, -1165.0037411414087, 45.88094528700458, 0.0, -1033.0037411414087, 174.78719528700458, 0.0, -1103.0037411414087, 144.25594528700458, 0.0, -744.0037411414087, 139.16219528700458, 0.0, -1004.0037411414087, 229.06844528700458, 0.0, -752.0037411414087, 218.78719528700458, 0.0, -762.0037411414087, 318.9590702870046, 0.0, -1009.0037411414087, 313.5684452870046, 0.0, -793.0037411414087, 454.6621952870046, 0.0, -842.0037411414087, 495.3653202870046, 0.0, -1053.0037411414087, 427.5215702870046, 0.0, -1040.0037411414087, 480.0996952870046, 0.0, -1041.0037411414087, 547.9434452870046, 0.0, -871.0037411414087, 619.1934452870046, 0.0, -974.0037411414087, 649.7246952870046, 0.0, -919.0037411414087, 667.3028202870046, 0.0, -825.0037411414087, 564.9121952870046, 0.0, -1084.0037411414087, 385.0371952870046, 0.0, -1042.0037411414087, 269.7715702870046, 0.0, -1143.0037411414087, 303.6934452870046, 0.0, -1110.0037411414087, 239.84969528700458, 0.0, -708.0037411414087, 44.89657028700458, 0.0, -676.0037411414087, -42.32217971299542, 0.0, -1265.0037411414087, -72.58780471299542, 0.0, -1084.0037411414087, -849.4003047129954, 0.0, -1219.0037411414087, -865.3065547129954, 0.0], "f": [0, 1, 2, 3, 0, 2, 3, 4, 0, 5, 4, 3, 5, 6, 4, 6, 5, 7, 6, 7, 8, 9, 6, 8, 9, 8, 10, 11, 9, 10, 12, 9, 11, 11, 13, 12, 14, 13, 11, 14, 15, 13, 15, 14, 16, 15, 16, 17, 18, 16, 14, 18, 19, 16, 20, 19, 18, 21, 19, 20, 22, 19, 21, 23, 22, 21, 22, 23, 24, 24, 25, 22, 24, 26, 25, 27, 26, 24, 28, 27, 24, 29, 27, 28, 30, 29, 28, 31, 28, 24, 25, 32, 22, 32, 33, 22, 32, 34, 33, 33, 34, 35, 36, 18, 14, 36, 14, 37, 38, 13, 15, 3, 2, 39, 39, 2, 40]}, "centroids": [[-997.281404197216, -149.24992399930488, 0.0]]}, "mtl": {"idx": 0}}, {"geom": {"triangles": {"v": [-974.0037411414087, 649.7246952870046, 0.0, -1534.0037411414087, 783.3809452870046, 0.0, -1534.0037411414087, 682.6621952870046, 0.0, -1534.0037411414087, 884.0996952870046, 0.0, -1533.0037411414087, 984.8184452870046, 0.0, -1533.0037411414087, 1085.5371952870046, 0.0, -1533.0037411414087, 1186.2559452870046, 0.0, -1533.0037411414087, 1286.9746952870046, 0.0, -1533.0037411414087, 1387.7090702870046, 0.0, -1533.0037411414087, 1488.4278202870046, 0.0, -1533.0037411414087, 1589.1465702870046, 0.0, -1533.0037411414087, 1689.8653202870046, 0.0, -1233.0037411414087, 1752.4121952870046, 0.0, -1133.0037411414087, 1752.1778202870046, 0.0, -919.0037411414087, 667.3028202870046, 0.0, -1033.0037411414087, 1751.9746952870046, 0.0, -933.0037411414087, 1752.1621952870046, 0.0, -833.0037411414087, 1756.5215702870046, 0.0, -733.0037411414087, 1760.8809452870046, 0.0, -871.0037411414087, 619.1934452870046, 0.0, -825.0037411414087, 564.9121952870046, 0.0, 1209.9962588585913, 1276.5684452870046, 0.0, -793.0037411414087, 454.6621952870046, 0.0, 1209.9962588585913, 1175.8340702870046, 0.0, 1209.9962588585913, 1075.1153202870046, 0.0, 1209.9962588585913, 974.3965702870046, 0.0, 1209.9962588585913, 873.6778202870046, 0.0, 1209.9962588585913, 772.9590702870046, 0.0, 1209.9962588585913, 696.5996952870046, 0.0, -762.0037411414087, 318.9590702870046, 0.0, -708.0037411414087, 44.89657028700458, 0.0, -676.0037411414087, -42.32217971299542, 0.0, 1349.9962588585913, -289.1659297129954, 0.0, 1410.9962588585913, 383.0059452870046, 0.0, 1390.9962588585913, -259.1971797129954, 0.0, 1471.9962588585913, -200.24405471299542, 0.0, 1553.9962588585913, -141.27530471299542, 0.0, 1507.9962588585913, 359.8965702870046, 0.0, 1634.9962588585913, -82.30655471299542, 0.0, 1572.9962588585913, 344.5996952870046, 0.0, 1640.9962588585913, 309.0371952870046, 0.0, 1715.9962588585913, -23.33780471299542, 0.0, 1796.9962588585913, 35.63094528700458, 0.0, 1877.9962588585913, 94.58407028700458, 0.0, 1867.9962588585913, 340.3965702870046, 0.0, 1780.9962588585913, 386.0215702870046, 0.0, 1696.9962588585913, 382.7090702870046, 0.0, 1958.9962588585913, 139.59969528700458, 0.0, 1964.9962588585913, 382.4278202870046, 0.0, 2072.9962588585913, 210.27157028700458, 0.0, 2121.9962588585913, 368.2246952870046, 0.0, 2052.9962588585913, 456.0840702870046, 0.0, 2132.9962588585913, 238.28719528700458, 0.0, 1386.9962588585913, 551.5840702870046, 0.0, 1309.9962588585913, 697.2559452870046, 0.0, 1442.9962588585913, 698.1153202870046, 0.0, 1462.9962588585913, 611.1934452870046, 0.0, 1434.9962588585913, 442.6778202870046, 0.0, -202.00374114140868, -1093.9003047129954, 0.0, 1323.9962588585913, -386.5253047129954, 0.0, -183.00374114140868, -1132.2284297129954, 0.0, 1298.9962588585913, -483.9003047129954, 0.0, 1270.9962588585913, -590.6503047129954, 0.0, 444.9962588585913, -1618.4940547129954, 0.0, 1277.9962588585913, -691.1346797129954, 0.0, 1284.9962588585913, -791.6190547129954, 0.0, 1265.9962588585913, -1503.9784297129954, 0.0, 1291.9962588585913, -892.1034297129954, 0.0, 1297.9962588585913, -992.5878047129954, 0.0, 1281.9962588585913, -1404.4784297129954, 0.0, 1304.9962588585913, -1093.0721797129954, 0.0, 1297.9962588585913, -1304.9784297129954, 0.0, 1312.9962588585913, -1205.4628047129954, 0.0, 543.9962588585913, -1659.4471797129954, 0.0, 752.9962588585913, -1702.6190547129954, 0.0, 636.9962588585913, -1697.7596797129954, 0.0, 728.9962588585913, -1736.0721797129954, 0.0, 822.9962588585913, -1734.3065547129954, 0.0, 1250.9962588585913, -1603.4784297129954, 0.0, 1234.9962588585913, -1702.9784297129954, 0.0, 872.9962588585913, -1841.9159297129954, 0.0, 1219.9962588585913, -1802.4784297129954, 0.0, 950.9962588585913, -1945.1190547129954, 0.0, 1203.9962588585913, -1901.9940547129954, 0.0, 1188.9962588585913, -2001.4940547129954, 0.0, 947.9962588585913, -1986.8221797129954, 0.0, 1001.9962588585913, -2082.3065547129954, 0.0, 1172.9962588585913, -2100.9940547129954, 0.0, 1063.9962588585913, -2181.0565547129954, 0.0, 1162.9962588585913, -2167.1659297129954, 0.0, 990.9962588585913, -2170.1503047129954, 0.0, 995.9962588585913, -2190.6346797129954, 0.0, 321.9962588585913, -1664.2596797129954, 0.0, 356.9962588585913, -1662.3065547129954, 0.0, -204.00374114140868, -1231.6346797129954, 0.0, 227.99625885859132, -1698.5721797129954, 0.0, -226.00374114140868, -1330.0565547129954, 0.0, 174.99625885859132, -1717.7753047129954, 0.0, -247.00374114140868, -1379.4940547129954, 0.0, -286.0037411414087, -1471.9940547129954, 0.0, 81.99625885859132, -1790.1346797129954, 0.0, -323.0037411414087, -1645.9940547129954, 0.0, -319.0037411414087, -1746.6346797129954, 0.0, -280.0037411414087, -1843.5096797129954, 0.0, 26.996258858591318, -1874.5096797129954, 0.0, -8.003741141408682, -1928.7596797129954, 0.0, -218.00374114140868, -1964.2128047129954, 0.0, -117.00374114140868, -2027.6190547129954, 0.0, -326.0037411414087, -1564.5096797129954, 0.0, -815.0037411414087, -407.0096797129954, 0.0, -779.0037411414087, -123.74405471299542, 0.0, -837.0037411414087, -259.4315547129954, 0.0, -282.0037411414087, -1088.1815547129954, 0.0, -836.0037411414087, -505.4315547129954, 0.0, -364.0037411414087, -1118.4784297129954, 0.0, -861.0037411414087, -621.4628047129954, 0.0, -477.0037411414087, -1175.7128047129954, 0.0, -928.0037411414087, -696.6346797129954, 0.0, -558.0037411414087, -1232.4784297129954, 0.0, -997.0037411414087, -768.8221797129954, 0.0, -674.0037411414087, -1328.3846797129954, 0.0, -1084.0037411414087, 