{"type": "block", "layer": 29, "block": 0, "features": [{"geom": {"triangles": {"v": [3280.9962588585913, 818.9903202870046, 0.0, 3018.9962588585913, 1025.1465702870046, 0.0, 2921.9962588585913, 900.9278202870046, 0.0, 3275.9962588585913, 956.4278202870046, 0.0, 3148.9962588585913, 1099.1465702870046, 0.0, 3193.9962588585913, 1096.5059452870046, 0.0, 2950.9962588585913, 721.2090702870046, 0.0, 3270.9962588585913, 668.3496952870046, 0.0, 3013.9962588585913, 575.8340702870046, 0.0, 3211.9962588585913, 536.1934452870046, 0.0, 3217.9962588585913, 456.8965702870046, 0.0, 3264.9962588585913, 176.74032028700458, 0.0, 3280.9962588585913, 377.6153202870046, 0.0, 3386.9962588585913, 340.6153202870046, 0.0, 3603.9962588585913, 256.0371952870046, 0.0, 3492.9962588585913, 356.4746952870046, 0.0, 3568.9962588585913, 337.9746952870046, 0.0, 3592.9962588585913, 118.59969528700458, 0.0, 3391.9962588585913, 23.44344528700458, 0.0, 3579.9962588585913, 55.16219528700458, 0.0, 3386.9962588585913, -66.41592971299542, 0.0, 3785.9962588585913, 52.52157028700458, 0.0, 4028.9962588585913, -95.47842971299542, 0.0, 3238.9962588585913, -251.41592971299542, 0.0, 3153.9962588585913, -489.2909297129954, 0.0, 3312.9962588585913, -996.7440547129954, 0.0, 4094.9962588585913, -1144.7596797129954, 0.0, 4155.996258858591, -127.19717971299542, 0.0, 4538.996258858591, -499.8690547129954, 0.0, 4644.996258858591, -928.0253047129954, 0.0, 4750.996258858591, -785.3065547129954, 0.0, 4781.996258858591, -647.8690547129954, 0.0, 4485.996258858591, -1234.6190547129954, 0.0, 4639.996258858591, -1060.1815547129954, 0.0, 4623.996258858591, -1218.7596797129954, 0.0, 3962.9962588585913, -1208.1815547129954, 0.0, 3708.9962588585913, -1261.0565547129954, 0.0, 3449.9962588585913, -1298.0565547129954, 0.0, 3148.9962588585913, -795.8846797129954, 0.0, 3116.9962588585913, -589.7284297129954, 0.0, 3153.9962588585913, -372.9940547129954, 0.0], "f": [0, 1, 2, 3, 1, 0, 3, 4, 1, 5, 4, 3, 0, 2, 6, 7, 0, 6, 7, 6, 8, 8, 9, 7, 9, 8, 10, 11, 10, 8, 10, 11, 12, 12, 11, 13, 14, 13, 11, 14, 15, 13, 16, 15, 14, 14, 11, 17, 17, 11, 18, 17, 18, 19, 20, 19, 18, 21, 19, 20, 22, 21, 20, 20, 23, 22, 24, 22, 23, 25, 22, 24, 26, 22, 25, 22, 26, 27, 27, 26, 28, 28, 26, 29, 28, 29, 30, 28, 30, 31, 32, 29, 26, 29, 32, 33, 32, 34, 33, 26, 25, 35, 35, 25, 36, 36, 25, 37, 24, 38, 25, 39, 38, 24, 23, 40, 24]}, "centroids": [[3782.590551784262, -468.7812673865119, 0.0]]}, "mtl": {"idx": 0}}, {"geom": {"triangles": {"v": [1365.9962588585913, 1611.7246952870046, 0.0, 1231.9962588585913, 1575.7715702870046, 0.0, 1224.9962588585913, 1554.1934452870046, 0.0, 1273.9962588585913, 1622.5215702870046, 0.0, 1233.9962588585913, 1593.7559452870046, 0.0, 1250.9962588585913, 1454.6934452870046, 0.0, 1442.9962588585913, 1609.3340702870046, 0.0, 1567.9962588585913, 1418.7403202870046, 0.0, 1588.9962588585913, 1463.0840702870046, 0.0, 1504.9962588585913, 1610.5371952870046, 0.0, 1576.9962588585913, 1632.1153202870046, 0.0, 1655.9962588585913, 1525.4278202870046, 0.0, 1631.9962588585913, 1639.3028202870046, 0.0, 1689.9962588585913, 1586.5528202870046, 0.0, 1673.9962588585913, 1623.7246952870046, 0.0, 1263.9962588585913, 1383.9746952870046, 0.0, 1288.9962588585913, 1321.6465702870046, 0.0, 1422.9962588585913, 1262.8965702870046, 0.0, 1508.9962588585913, 1277.2871952870046, 0.0, 1567.9962588585913, 1365.9903202870046, 0.0, 1555.9962588585913, 1316.8496952870046, 0.0, 1335.9962588585913, 1270.0996952870046, 0.0], "f": [0, 1, 2, 0, 3, 1, 4, 1, 3, 2, 5, 0, 5, 6, 0, 6, 5, 7, 6, 7, 8, 9, 6, 8, 8, 10, 9, 8, 11, 10, 11, 12, 10, 11, 13, 12, 13, 14, 12, 7, 5, 15, 7, 15, 16, 17, 7, 16, 18, 7, 17, 18, 19, 7, 18, 20, 19, 16, 21, 17]}, "centroids": [[1436.5028992556036, 1467.0320846358372, 0.0]]}, "mtl": {"idx": 0}}], "featureCount": 2, "startIndex": 0}